0,1,2,3,4,5,6,7,8,9,10,11,12,13,14,15,16,17,18,19,20,21,22,23,24,25,26,27,28,29,30,31,32,33,34,35,36,37,38,39,40,41,42,43,44,45,46,47,48,49,50,51,52,53,54,55,56,57,58,59,60,61,62,63,64,65,66,67,68,69,70,71,72,73,74,75,76,77,78,79,80,81,82,83,84,85,86,87,88,89,90,91,92,93,94,95,96,97,98,99,100,101,102,103,104,105,106,107,108,109,110,111
151,9,5,5,8,4,23,122,35,1,-10,-1,9,4,5,8,4,25,122,35,3,-10,-1,9,4,5,8,4,22,123,35,3,-9,-1,9,5,5,8,4,24,121,36,2,-11,-1,9,5,5,8,4,22,123,35,2,-10,0,9,5,5,8,4,24,122,34,2,-11,0,9,5,5,8,4,23,122,35,3,-11,-1,9,5,5,8,4,22,122,35,2,-10,0,8,5,4,8,4,21,123,34,0,-11,-1,9,5,5,8,4,22,123,36,3,-10,-1,A
152,9,6,7,9,7,89,62,87,31,14,11,8,6,6,9,6,20,125,20,71,-16,-14,9,4,4,8,3,26,127,14,5,-21,1,9,4,4,8,3,22,125,36,12,-58,-31,8,4,4,8,3,20,130,35,3,-9,-13,9,4,4,8,3,21,122,24,2,-19,11,9,4,4,8,3,18,120,32,7,-3,1,8,4,4,8,4,25,117,46,21,-6,2,8,4,4,8,4,17,126,21,14,-12,4,9,4,4,8,3,13,122,16,11,-9,-10,A
153,9,7,7,9,6,95,78,51,3,-11,0,8,7,6,9,6,95,78,48,5,-8,-1,9,7,6,9,6,96,78,58,17,18,5,9,7,7,9,6,65,91,57,69,112,-15,9,5,5,9,6,22,119,55,7,-18,-15,8,4,4,9,3,28,119,40,-6,17,-2,9,4,4,8,3,42,133,34,-9,-18,0,9,4,4,8,3,22,111,31,-35,31,-16,9,4,4,8,3,16,122,27,-6,-28,-8,9,4,5,8,3,22,122,34,-1,-12,-2,A
154,9,4,5,8,4,37,116,55,0,-13,-8,9,4,4,8,4,37,115,59,1,-10,0,9,4,4,9,4,34,121,54,4,-13,-12,9,4,5,8,4,43,115,56,2,-9,1,9,4,5,9,4,31,116,52,3,-15,2,9,5,5,9,4,39,117,53,0,-11,-3,9,4,5,8,4,39,116,51,1,-9,4,9,4,5,9,4,32,121,51,29,40,-10,9,4,5,9,4,28,117,41,19,-12,-13,9,4,5,8,4,27,120,40,3,-9,-4,A
155,8,0,7,9,7,33,121,69,11,-25,8,8,0,7,9,7,33,121,69,11,-25,8,8,7,6,9,6,38,113,51,33,5,6,8,6,6,9,4,7,119,22,-16,-16,-2,8,6,6,8,4,12,124,30,1,-14,-1,8,6,6,9,4,21,121,28,-1,-16,5,8,6,6,8,4,22,128,27,28,-14,-20,8,6,5,9,4,20,106,34,19,-19,-4,9,0,6,9,3,8,123,16,1,0,1,8,5,6,9,3,16,128,19,4,-17,-1,A
156,7,8,8,10,9,15,125,11,17,32,3,6,7,7,10,9,10,119,-3,-9,-26,7,6,8,7,10,9,3,116,10,16,6,-24,6,8,8,10,9,7,122,7,-19,-9,11,6,8,7,10,9,0,116,12,2,-27,2,6,8,7,10,9,9,121,2,-3,-11,-5,6,8,8,10,9,10,122,2,9,-9,-3,6,8,7,10,9,6,119,2,-1,-20,-1,6,8,8,10,9,8,123,3,2,-2,-2,6,8,7,10,9,6,119,2,-1,-13,0,B
157,8,7,8,10,9,3,121,16,4,-10,0,7,7,8,10,9,1,122,14,3,-8,-3,7,7,7,10,9,4,121,15,1,-7,-1,7,8,7,10,9,1,118,13,-4,-5,-5,7,8,8,10,9,3,123,14,8,-15,-3,7,8,8,10,9,-1,126,11,1,-16,5,7,8,7,10,9,1,124,8,5,-9,2,7,7,8,10,9,1,121,7,3,-13,-1,7,7,7,10,9,4,124,8,2,-8,-1,7,8,8,10,9,1,124,10,3,-11,2,B
158,7,8,8,10,9,0,122,6,1,-10,2,7,8,8,10,9,1,121,6,1,-10,-1,7,7,8,10,9,0,123,7,3,-11,0,7,8,8,10,9,-1,123,6,2,-10,1,7,8,7,10,9,-1,123,6,2,-10,0,7,8,7,10,9,0,121,5,2,-10,-1,7,8,8,10,9,0,122,5,2,-9,-1,7,8,7,10,9,-1,122,6,2,-9,-2,7,8,8,10,9,-4,122,6,-2,-6,-4,7,8,8,10,9,-4,121,5,-5,7,-5,B
159,7,8,8,10,9,-3,120,0,2,-9,0,7,8,7,10,9,-2,122,1,1,-10,-1,7,7,8,10,9,0,124,3,7,-11,-3,7,8,8,10,9,2,122,2,2,-9,-1,7,7,8,10,9,-3,121,0,2,-9,-1,7,7,8,10,9,-1,122,1,5,-7,-3,7,8,8,10,9,-2,120,0,1,-10,-3,7,8,7,10,9,-1,122,-2,1,-9,-1,7,7,8,10,9,1,121,2,1,-11,2,7,8,7,10,9,1,121,1,2,-7,-4,B
160,8,8,8,10,9,-4,124,-3,3,-10,-1,7,7,8,10,9,-3,121,0,1,-9,0,7,8,7,10,9,-1,122,0,1,-9,-1,7,8,8,10,9,-5,119,-2,3,-10,-3,7,8,7,10,9,-2,116,0,4,-11,-7,7,8,7,10,9,-4,121,1,0,-10,-1,7,8,8,10,9,-3,122,-1,2,-10,-1,7,7,8,10,9,-1,120,-2,2,-12,2,7,8,8,10,9,-3,117,-2,3,-7,-2,7,8,8,10,9,-4,120,-4,3,-9,-1,B
161,4,5,5,8,5,39,111,69,-25,-7,4,6,5,5,8,6,27,116,73,1,-7,4,5,5,4,8,6,23,126,77,13,-6,0,5,5,5,8,6,-5,120,64,6,-16,-12,5,5,5,8,6,15,114,84,-12,-5,-10,5,5,5,8,6,17,113,93,19,-65,20,5,5,5,8,6,-1,106,88,-9,28,-17,5,5,5,8,6,-10,111,91,7,1,-7,5,5,5,8,6,-12,114,84,11,-30,7,5,5,5,8,6,2,114,83,3,-8,0,C
162,6,5,5,8,6,-7,120,67,1,-10,0,5,6,5,8,6,-7,119,68,3,-8,-1,5,5,5,8,6,-8,121,66,2,-11,0,5,6,5,8,6,-5,120,67,3,-10,-1,5,5,5,8,6,-8,119,67,0,-10,0,5,6,5,8,6,-7,121,68,3,-9,-1,5,6,5,8,6,-7,120,68,2,-10,-1,5,5,5,8,6,-5,120,68,2,-9,0,5,6,5,8,6,-6,120,67,1,-12,-2,5,5,5,8,6,-8,121,66,4,-10,-2,C
163,6,5,5,8,6,-8,121,65,3,-10,-2,5,6,5,8,6,-9,120,65,3,-10,0,6,6,5,8,6,-9,121,65,2,-11,-1,5,6,5,8,6,-6,122,67,3,-10,2,5,6,5,8,6,-9,121,63,4,-10,-1,6,6,5,8,6,-8,121,64,1,-10,-2,5,6,5,8,6,-8,119,65,1,-10,0,5,5,5,8,6,-8,121,65,3,-10,1,5,6,5,8,6,-8,122,65,2,-10,0,5,6,5,8,6,-9,121,65,2,-13,-1,C
164,6,6,5,8,6,-6,120,66,0,-7,-2,6,6,5,8,6,-4,120,66,4,-9,-5,6,6,5,8,6,-7,121,66,3,-9,0,6,5,5,8,6,-7,121,66,2,-9,-1,5,6,5,8,6,-9,121,66,2,-7,1,6,6,5,9,6,-7,120,65,3,-12,-1,6,6,5,8,7,-6,120,66,2,-10,0,6,5,5,8,6,-6,120,65,1,-11,0,5,6,5,8,6,-8,119,65,3,-11,-1,5,6,5,8,6,-8,121,65,1,-11,1,C
165,6,6,5,8,6,-3,121,66,3,-11,-1,5,6,5,8,6,-3,121,65,2,-10,-2,5,5,5,8,6,-3,120,65,3,-10,-1,5,6,5,8,7,-5,120,66,2,-9,0,5,5,5,8,6,-5,120,66,3,-11,-1,5,5,5,8,6,-3,122,64,3,-9,0,5,6,5,8,6,-3,122,66,3,-11,0,5,6,5,8,7,-7,120,64,3,-8,-2,5,5,5,8,6,-5,121,65,3,-10,-1,6,5,5,8,6,-5,121,67,2,-11,-1,C
166,7,7,5,8,5,15,125,28,3,-8,1,6,8,5,8,5,9,125,29,0,-6,-3,6,7,6,8,5,12,124,29,2,-9,-2,6,7,5,8,5,8,125,28,2,-12,0,7,7,5,8,5,9,124,30,1,-9,0,6,7,6,8,5,7,125,29,1,-13,1,6,8,5,8,5,9,125,29,3,-10,0,6,8,5,8,5,8,124,28,2,-11,1,6,7,5,8,5,8,124,31,2,-10,0,6,7,5,8,5,10,124,29,2,-9,0,D
167,7,8,6,8,5,13,122,49,2,-12,-3,7,8,5,8,5,11,123,51,2,-8,-1,7,7,5,8,5,12,122,51,4,-9,-2,7,7,6,8,5,10,123,51,1,-10,0,7,8,6,8,5,8,123,51,1,-13,-3,7,7,6,8,5,8,124,51,2,-9,0,6,8,6,8,5,7,124,51,1,-8,-2,7,8,5,8,5,7,123,51,2,-10,-1,7,8,5,8,5,7,124,49,2,-10,-1,7,8,6,8,5,8,123,50,2,-9,-1,D
168,7,7,6,8,5,13,125,51,2,-11,-2,6,7,6,8,5,10,121,50,-4,-12,1,7,7,6,8,5,11,123,53,4,-7,-2,7,7,5,8,5,10,122,50,1,-8,0,7,7,5,8,5,11,124,52,3,-10,0,7,7,6,8,5,14,123,53,2,-12,1,6,8,5,8,5,13,124,53,6,-9,-6,7,7,6,8,5,8,123,50,3,-10,-2,7,8,5,8,5,8,125,50,2,-11,-2,6,7,6,8,5,7,123,48,3,-11,2,D
169,7,7,6,8,5,12,125,46,1,-11,0,7,7,6,8,5,9,123,46,1,-11,-1,6,8,6,8,5,11,125,46,2,-11,0,7,8,6,8,5,10,123,46,1,-8,-1,7,7,5,8,5,10,123,47,2,-12,-1,7,7,6,8,5,10,123,45,1,-9,0,6,8,5,8,5,9,125,46,2,-10,-1,7,8,5,8,5,10,124,47,3,-9,0,7,8,5,8,5,10,124,45,2,-12,0,7,7,6,8,5,9,124,47,3,-10,-2,D
170,7,7,6,8,5,7,123,46,2,-10,-2,7,7,5,8,5,7,125,46,2,-11,1,7,8,5,8,5,8,124,45,1,-8,-1,7,8,6,8,5,7,124,46,2,-10,1,7,7,6,8,6,8,125,44,1,-10,0,7,8,6,8,5,7,125,43,3,-9,-2,7,8,5,8,5,6,123,45,2,-12,-1,7,7,6,8,5,5,122,48,2,-6,-1,7,7,6,8,5,7,126,45,3,-8,-1,7,8,5,8,5,4,122,45,2,-13,0,D
171,6,4,5,8,4,11,123,42,2,-16,2,6,4,5,8,5,9,124,45,-2,-12,-1,6,4,4,8,4,8,125,46,2,-11,-2,6,4,4,8,4,9,123,45,1,-10,-1,5,4,4,8,5,8,124,47,3,-14,2,6,4,4,8,4,9,123,45,2,-9,0,6,4,4,8,4,10,124,48,2,-11,0,6,4,4,8,5,9,124,42,4,-12,-3,6,4,4,8,4,10,122,46,2,-9,-3,6,4,4,8,4,15,125,47,1,-13,5,E
172,6,5,6,8,5,17,122,51,4,-9,-2,6,5,4,8,5,15,122,43,0,3,-3,6,4,4,8,4,7,125,39,0,-9,0,6,4,4,8,4,11,124,43,5,-12,-4,6,4,4,8,4,10,123,46,0,-11,0,6,4,4,8,5,7,124,47,4,-7,0,6,4,4,8,4,12,124,44,1,-10,-1,6,4,4,8,4,9,123,41,2,-9,1,6,4,4,8,5,10,124,45,8,0,0,6,4,4,8,5,11,125,41,3,-10,-3,E
173,7,4,5,8,5,15,124,45,3,-10,1,6,4,5,8,5,11,123,45,4,-12,0,6,5,4,8,5,12,124,44,4,-14,-4,7,4,5,8,5,13,125,42,3,-8,0,6,4,5,8,5,12,123,43,2,-9,0,6,4,4,8,5,12,124,45,-1,-12,0,6,5,5,8,5,11,123,43,3,-10,-2,6,5,5,8,5,11,123,43,1,-12,0,6,4,5,8,5,11,124,42,3,-10,0,6,5,4,8,5,11,123,43,0,-14,2,E
174,7,4,5,8,5,13,122,41,4,-11,-2,6,5,4,8,5,17,123,45,0,-10,0,6,5,5,8,5,14,123,42,2,-11,-1,6,4,5,8,5,16,123,44,3,-7,-1,6,5,5,8,5,15,124,41,4,-9,-2,6,5,5,8,5,13,124,40,1,-8,-1,6,5,4,8,5,13,123,43,1,-12,0,6,5,5,8,5,13,124,42,5,-10,1,6,5,5,8,5,15,123,44,5,-3,-2,6,5,5,8,5,9,122,41,2,-8,-2,E
175,7,4,5,8,5,14,124,42,3,-8,0,6,4,5,8,5,14,123,41,3,-10,0,6,5,5,8,5,14,123,40,2,-8,-2,6,5,5,8,5,14,123,42,2,-12,0,6,5,4,8,5,12,124,43,2,-11,0,6,4,5,8,5,14,124,42,2,-10,0,6,5,5,8,5,11,123,42,1,-10,0,6,5,5,8,5,13,122,41,4,-13,0,6,4,5,8,5,14,123,41,2,-10,-1,6,5,5,8,5,16,123,41,3,-10,0,E
176,7,5,7,10,9,-4,124,43,-4,-13,0,7,4,7,9,9,-3,125,46,2,-10,0,6,4,6,9,9,0,123,46,8,-14,-4,6,5,7,10,9,0,123,44,11,1,0,6,5,7,9,9,-3,124,41,1,-10,-1,6,4,7,10,9,-2,125,44,2,-11,0,6,5,7,10,0,-3,123,41,6,-11,-1,6,4,7,9,9,-8,126,44,1,-12,-4,6,5,7,9,0,-5,126,43,2,-26,3,6,4,7,10,9,-3,124,41,4,-1,1,F
177,7,5,7,10,9,-2,124,49,1,-9,-1,7,5,7,9,9,-2,124,47,1,-11,-1,7,5,7,10,9,-1,125,49,4,-12,-2,7,5,7,9,9,-3,125,47,3,-10,0,7,5,7,10,9,-1,124,49,2,-8,0,7,5,7,10,9,-1,124,49,2,-10,-2,7,5,7,10,9,-3,124,49,2,-11,0,7,5,7,10,9,-3,124,48,6,-10,0,7,5,7,10,9,-2,123,45,2,-9,-1,7,5,7,9,9,2,127,51,-2,-13,-1,F
178,8,5,7,10,9,-1,125,46,1,-11,0,7,5,7,10,9,1,124,49,4,-9,-1,7,5,7,10,9,-2,123,48,2,-11,0,7,5,7,10,9,-1,124,47,2,-10,-2,7,5,7,10,9,-2,124,47,2,-9,-1,7,5,7,10,9,-1,124,47,2,-11,1,7,5,7,10,9,-1,124,47,2,-9,0,7,5,7,10,9,-1,125,46,2,-11,-1,7,5,7,10,9,-1,125,48,2,-10,2,7,5,7,10,9,-2,123,47,2,-9,0,F
179,8,5,7,10,9,-4,124,46,1,-7,-2,7,5,7,10,9,-2,123,47,2,-9,-1,7,5,7,10,9,-4,124,46,3,-10,-2,7,5,7,10,9,-5,123,46,3,-9,0,7,5,7,10,9,-1,124,46,1,-11,-1,7,5,7,10,9,-4,124,42,0,-9,1,7,5,7,10,9,-5,125,43,4,-9,0,7,5,7,10,9,-6,124,45,3,-9,-2,7,5,7,10,9,-2,125,46,3,-11,1,7,5,7,10,9,-2,123,46,2,-9,-1,F
180,8,5,7,10,9,1,125,47,1,-11,-1,7,5,7,10,9,-2,124,45,2,-11,-1,7,5,7,10,9,-2,124,42,1,-11,-1,7,5,7,10,9,-5,123,44,2,-10,0,7,4,7,10,9,-1,124,44,2,-11,0,7,5,7,10,9,-3,124,45,3,-8,0,7,5,7,10,9,-1,124,45,2,-12,-4,7,5,7,10,9,0,125,46,1,-10,1,7,5,7,10,9,-2,124,43,0,-8,1,7,5,7,9,9,-2,126,43,2,-10,0,F
181,9,0,5,7,4,0,0,0,0,0,0,8,8,4,7,5,122,18,-2,4,-4,-4,8,7,5,7,4,122,17,-1,0,-10,-1,8,8,4,7,5,115,23,-3,-2,-14,-1,8,0,4,7,4,117,16,-4,2,-12,-1,8,0,4,7,4,116,16,-4,3,-15,0,8,0,4,7,4,115,17,-9,-1,-10,-1,8,7,4,7,4,116,20,-8,1,-9,0,8,8,4,7,4,119,19,-7,4,-10,-2,8,8,4,7,4,113,17,-5,10,-15,-1,G
182,9,7,5,7,4,114,25,-12,1,-9,-1,8,7,4,7,4,115,24,-9,2,-10,0,8,8,4,7,4,113,25,-12,3,-11,-1,8,8,4,7,4,115,24,-12,4,-10,0,8,7,5,7,4,115,24,-11,1,-10,-1,8,8,4,7,4,112,25,-11,3,-10,-1,8,8,4,8,4,115,24,-12,2,-10,-1,8,7,5,7,4,114,24,-12,3,-9,0,8,7,5,7,4,115,24,-12,3,-10,-1,8,7,5,7,4,115,25,-12,3,-9,0,G
183,9,7,5,7,4,114,26,-13,4,-10,-1,9,7,5,7,5,114,25,-12,4,-9,-1,8,8,4,7,4,116,24,-15,2,-10,-1,8,8,4,8,4,115,24,-13,2,-10,-1,8,7,5,7,4,114,26,-12,2,-10,-1,8,8,5,7,5,113,24,-11,2,-8,0,9,7,5,7,5,113,26,-12,4,-10,-2,8,7,4,7,4,115,25,-13,2,-9,-1,8,8,4,7,4,114,26,-12,2,-10,-1,8,7,5,7,5,114,27,-11,1,-10,-1,G
184,9,7,5,7,4,117,26,-14,2,-10,-2,8,7,5,7,5,119,27,-5,13,7,-6,8,8,4,7,5,113,32,3,8,-10,0,8,8,5,7,5,119,32,4,3,-12,1,8,7,5,7,5,116,31,5,0,-10,3,8,7,5,7,5,112,33,-4,-4,-31,7,8,7,5,7,4,118,30,-8,5,-15,-4,8,8,5,7,5,114,29,-7,3,-14,-1,8,7,5,7,5,113,27,-8,10,-9,-5,8,8,5,7,5,118,32,-7,5,-9,-4,G
185,9,0,5,7,5,113,30,-10,2,-10,0,9,0,5,8,5,115,29,-11,3,-10,0,8,0,5,7,4,112,28,-11,1,-10,0,8,0,5,7,5,117,29,-10,2,-11,1,8,0,5,8,5,115,30,-11,2,-9,-1,8,8,5,7,5,113,29,-10,4,-9,-1,8,0,5,7,5,113,29,-10,3,-9,-1,8,8,5,7,5,115,29,-9,0,-11,2,8,8,5,7,5,113,29,-10,3,-11,-1,8,8,4,7,5,114,30,-10,1,-10,0,G
186,6,7,8,7,4,0,0,0,0,0,0,6,8,8,7,4,115,45,14,2,-11,1,6,8,8,8,4,115,47,14,2,-8,0,6,7,8,7,4,110,49,14,1,-14,2,6,8,8,8,4,116,45,14,-1,-11,0,6,8,8,7,4,113,44,15,1,-10,-2,6,8,8,8,4,114,45,15,3,-11,0,6,8,8,8,4,115,44,13,2,-12,0,6,8,8,8,4,113,45,13,2,-10,-1,6,8,8,8,4,114,45,13,2,-9,0,H
187,6,7,8,7,4,115,45,13,2,-10,-1,6,8,8,8,4,113,46,13,3,-10,-1,6,8,8,7,4,113,45,13,2,-10,0,6,8,8,8,4,113,46,14,3,-9,-1,6,8,8,8,4,115,45,13,2,-10,0,6,8,8,8,4,115,45,13,3,-11,0,6,8,8,7,4,113,45,12,3,-10,0,6,8,8,8,4,113,45,13,2,-10,0,6,8,8,8,4,114,45,13,2,-10,0,6,8,8,8,4,114,45,12,3,-12,-1,H
188,6,8,8,8,4,115,45,13,0,-11,0,6,7,8,7,4,115,45,13,2,-10,-1,6,8,8,8,4,114,45,14,0,-11,1,6,8,8,8,4,115,45,15,2,-10,-1,6,8,8,8,4,114,45,13,4,-10,-1,6,8,8,8,4,116,47,10,6,-9,1,6,8,8,8,4,111,44,12,3,-9,-1,6,8,8,8,4,115,46,16,1,-10,-1,6,8,8,8,4,116,45,13,2,-10,-1,6,8,8,8,4,113,44,13,3,-9,-1,H
189,7,8,8,8,5,115,46,14,2,-10,-1,7,8,8,8,5,112,46,13,4,-10,-2,7,8,8,8,5,115,47,13,2,-11,0,7,8,8,8,5,115,47,12,3,-10,-1,7,8,8,8,5,113,46,13,0,-10,-1,7,8,8,8,5,113,46,14,3,-10,0,7,8,8,8,5,115,46,13,4,-9,-1,7,8,8,8,5,114,46,13,2,-11,-1,7,8,8,9,5,115,46,11,3,-10,-1,7,8,8,8,5,114,46,12,1,-10,-1,H
190,7,8,8,8,5,114,46,12,2,-10,0,7,8,8,8,5,113,46,15,1,-9,-2,7,8,8,8,5,112,46,14,1,-10,0,7,8,8,8,5,115,45,14,2,-11,0,7,8,8,8,5,114,47,12,3,-10,-1,7,8,8,8,5,115,46,14,2,-11,0,7,8,8,8,5,114,47,12,0,-9,-2,7,8,8,8,5,113,46,13,2,-11,0,7,8,9,8,5,114,46,12,2,-9,-1,7,8,8,8,5,115,45,13,3,-10,0,H
191,6,5,6,8,9,65,48,136,-101,-44,-34,6,5,6,8,9,73,28,137,-7,-19,-9,6,5,6,8,9,78,31,118,-1,-21,-2,6,5,6,8,9,84,32,116,-4,-25,4,6,5,6,8,9,105,11,98,-15,-77,8,6,5,6,8,9,117,6,62,-5,-22,-4,6,6,6,8,9,119,10,60,0,-15,5,6,5,6,8,9,120,6,72,8,-1,2,6,5,6,8,9,116,1,74,4,-10,2,6,5,6,8,9,128,7,78,-4,-16,5,I
192,8,7,8,10,11,-2,125,33,4,-11,0,8,8,8,10,11,-3,124,35,2,-10,0,8,7,8,10,11,-1,125,34,3,-10,-2,7,7,7,9,10,-2,125,34,1,-11,-4,6,6,7,9,10,-3,124,36,2,-12,-2,7,6,7,9,10,-5,124,35,4,-11,1,6,6,7,9,10,-3,127,36,1,-8,1,7,7,7,9,10,-4,125,36,2,-11,-1,7,6,7,9,10,-4,124,36,1,-10,-1,7,6,7,9,10,-6,124,34,4,-10,-2,I
193,7,6,7,9,10,-7,123,33,1,-8,-1,7,6,7,9,10,-7,126,36,3,-11,-1,6,6,7,8,10,-8,122,36,3,-10,0,6,6,7,9,10,-7,125,34,2,-10,0,6,6,7,8,10,-9,123,34,2,-9,-2,6,6,7,8,10,-8,124,33,1,-11,2,6,6,7,8,10,-7,126,32,2,-7,-2,6,6,7,8,10,-7,123,32,1,-11,0,6,6,7,8,9,-8,125,34,2,-10,0,6,6,6,8,9,-7,126,34,1,-10,0,I
194,6,6,6,8,9,-8,125,34,1,-10,-1,6,6,6,8,9,-9,124,32,1,-10,-1,6,6,6,8,9,-10,125,33,4,-10,0,6,5,6,8,9,-9,124,33,2,-10,-1,6,6,6,8,9,-8,125,32,2,-10,-1,6,6,7,8,10,-7,126,33,5,-12,0,6,6,6,8,9,-6,124,33,5,-8,-3,6,6,6,8,9,-8,124,35,5,-10,-1,6,6,6,8,9,-8,126,33,-1,-10,1,6,6,6,8,9,-8,126,33,2,-8,-1,I
195,7,6,7,8,10,-8,124,37,3,-11,-2,6,6,7,8,10,-10,124,38,2,-12,0,6,6,7,8,10,-11,125,42,2,-10,-1,6,6,6,8,9,-9,123,41,1,-10,-1,6,6,6,8,9,-9,124,41,0,-10,0,6,6,6,8,9,-7,124,40,3,-7,-1,6,6,6,8,9,-12,126,39,12,-4,0,6,6,6,8,9,-8,124,35,0,-9,1,6,6,6,8,9,-11,124,33,2,-13,-1,6,6,6,8,9,-8,125,34,1,-11,2,I
196,8,6,7,8,8,53,100,77,14,-3,2,7,6,6,8,9,49,111,62,3,-13,-3,7,6,6,9,9,61,100,66,14,-2,-13,8,6,7,9,9,46,104,63,7,17,-11,7,6,6,8,9,53,108,58,-2,-13,1,7,6,7,8,9,57,104,70,3,-11,-2,7,6,7,8,9,62,97,59,-9,13,-5,8,6,7,8,9,63,102,80,0,-7,0,8,6,7,8,9,58,91,98,-6,13,-13,7,6,6,8,9,41,105,95,-19,13,4,J
197,8,6,7,9,9,5,125,19,3,-13,0,7,6,7,9,9,7,124,20,1,-12,1,7,6,7,9,9,2,121,23,4,-6,-5,7,6,7,9,9,4,127,22,3,-9,-2,7,6,7,8,9,5,125,19,2,-9,1,7,6,7,8,10,5,125,19,2,-6,-2,7,6,7,8,10,2,124,18,0,-13,1,7,6,7,8,9,4,125,19,2,-10,-1,7,6,7,9,9,6,124,19,2,-8,-2,7,6,7,9,9,3,124,19,3,-12,-1,J
198,8,6,7,9,9,7,122,24,-14,-28,-10,8,7,7,9,9,0,123,20,1,-7,0,8,7,7,9,9,-5,123,15,-4,-6,3,7,7,6,9,9,-4,126,52,-4,-2,2,7,7,7,9,9,-8,121,48,-10,-2,-6,8,6,6,9,9,-3,123,32,5,-9,2,7,6,6,9,9,-4,125,37,3,-7,-1,8,6,7,9,9,3,126,37,2,-3,-2,8,6,7,8,9,-6,126,37,-1,-9,1,7,6,6,9,9,-5,125,37,1,-10,0,J
199,8,6,7,9,9,3,124,26,0,-13,-1,8,7,7,9,9,3,124,25,1,-14,1,8,6,7,9,9,4,125,25,1,-11,1,8,6,7,9,9,7,125,27,1,-10,0,8,6,7,9,9,4,123,24,3,-11,0,8,7,7,9,9,5,124,25,1,-8,0,8,7,7,9,9,5,124,27,2,-2,-3,8,7,7,9,9,-1,125,26,4,2,-4,8,6,7,9,9,-3,125,25,6,-11,-1,8,6,7,9,9,-1,126,28,2,-6,-2,J
200,8,7,7,9,0,9,112,-23,1,-2,-2,8,6,7,8,9,15,120,0,-4,33,-14,8,7,7,9,9,18,122,6,2,40,-12,8,7,6,9,10,2,123,35,-10,24,1,8,7,7,9,9,7,121,36,18,-1,-4,8,6,7,8,0,6,125,29,2,-15,-3,8,7,7,9,9,5,123,30,3,-9,-2,8,6,7,9,9,4,125,30,3,-8,-1,8,6,7,9,9,1,123,29,4,-11,-1,8,7,7,8,9,3,125,30,3,-9,-4,J
201,9,7,8,8,4,37,117,17,2,-9,0,9,7,7,7,5,39,118,19,3,-11,-1,9,7,7,8,4,37,117,18,1,-9,-1,9,8,7,8,4,41,119,21,4,-8,-1,9,8,8,8,5,37,117,17,1,-10,0,9,7,8,8,5,29,122,15,20,-9,-13,9,0,7,8,4,25,117,13,4,-2,-9,9,0,7,8,4,23,119,12,4,-18,-5,9,0,7,8,4,31,123,10,-2,-8,1,9,0,7,8,4,25,121,20,-2,-3,-1,K
202,10,7,8,8,4,28,120,12,2,-9,-2,9,7,7,8,4,25,122,11,1,-8,-1,9,7,7,8,4,27,120,10,1,-8,-1,9,8,7,8,4,29,120,13,2,-9,-1,9,8,8,8,4,28,120,13,2,-10,0,9,7,7,8,4,25,119,12,4,-10,-2,9,7,7,8,4,27,119,12,0,-11,1,9,8,7,8,4,28,121,11,3,-9,-2,9,8,7,8,4,27,121,13,3,-10,0,9,7,8,8,4,28,119,13,2,-11,-1,K
203,9,7,7,8,4,25,121,9,2,-12,-1,9,8,7,8,5,29,119,11,2,-11,0,9,7,7,8,4,29,120,12,3,-10,-1,9,7,7,8,4,28,118,10,4,-11,-1,9,7,7,8,4,30,119,11,2,-10,1,9,7,7,8,4,29,119,10,2,-11,-1,9,7,7,8,5,29,119,10,2,-9,1,9,7,7,8,4,28,118,10,3,-10,-1,9,7,7,8,4,27,120,11,2,-10,0,9,7,7,8,4,29,119,8,3,-10,-1,K
204,9,7,8,8,4,25,120,12,3,-9,-1,9,7,7,8,5,28,119,11,1,-8,-1,9,8,7,8,5,27,119,10,2,-10,0,9,7,8,8,5,29,120,11,1,-10,0,9,7,7,8,4,26,120,12,2,-9,0,9,7,7,8,5,27,120,12,3,-10,-2,9,7,7,8,4,28,121,13,2,-9,-2,9,7,7,8,5,27,120,12,2,-11,0,9,7,7,8,4,27,120,12,1,-10,-1,9,7,7,8,4,24,120,14,1,-11,4,K
205,9,7,7,8,4,25,121,12,0,-12,0,9,6,8,8,5,26,120,13,3,-11,-2,9,6,8,8,4,26,119,14,3,-9,0,9,7,8,8,5,26,122,14,1,-10,0,9,7,7,8,5,26,119,12,2,-11,-1,9,7,7,8,5,24,121,12,5,-6,-3,9,8,7,8,4,27,120,14,3,-7,-1,9,8,7,8,5,28,122,11,-7,-8,0,9,7,7,8,5,25,119,12,2,-11,-2,9,7,7,8,4,25,121,16,0,-11,0,K
206,9,7,5,7,4,27,118,57,4,-9,1,8,7,5,7,4,32,116,55,0,-9,1,9,7,5,7,4,33,117,62,0,-14,2,8,8,5,7,4,33,118,61,2,-8,-1,9,8,5,8,5,33,116,59,3,-11,-2,9,8,5,8,5,29,117,56,4,-10,-1,8,8,5,8,4,33,118,53,4,-7,1,9,7,5,8,4,31,117,58,7,-9,-5,9,7,5,8,4,31,118,56,1,-15,-2,9,7,5,8,4,22,119,49,-1,-17,4,L
207,9,7,5,8,4,36,117,51,1,-8,1,8,7,5,7,4,37,119,51,5,-12,-2,9,8,5,8,4,38,118,51,1,-12,0,9,7,5,8,4,41,117,52,2,-6,-1,9,7,5,7,5,37,118,51,1,-8,-1,8,7,5,7,4,36,118,48,2,-10,-2,8,8,5,8,4,34,118,48,1,-10,1,8,7,5,8,4,35,119,49,4,-9,-3,9,8,5,8,4,35,118,48,1,-11,0,9,7,5,8,4,33,118,48,2,-12,0,L
208,9,8,5,8,5,32,118,47,3,-13,-1,9,8,5,8,5,34,118,47,0,-9,0,9,8,5,8,5,34,121,45,2,-10,-2,9,8,5,8,5,32,120,45,1,-12,0,9,8,5,8,5,33,119,45,3,-10,-2,9,8,5,8,5,33,119,46,1,-11,-1,9,8,5,8,5,33,119,43,2,-9,-1,9,8,5,8,5,35,119,44,7,-8,-2,9,8,5,8,5,32,119,43,3,-6,-2,9,8,5,8,5,33,119,45,4,-10,2,L
209,9,8,5,8,4,32,120,42,6,-13,0,9,7,5,8,5,33,120,44,1,-8,0,9,7,5,8,5,30,120,42,1,-14,1,9,8,5,8,5,31,123,42,5,-10,-2,9,8,5,8,5,30,119,42,2,-12,-2,9,8,5,8,5,30,121,42,2,-10,-2,9,8,5,8,5,32,121,41,2,-6,0,9,7,5,8,4,28,121,43,2,-14,0,9,8,5,8,4,30,120,43,1,-9,0,9,8,5,8,5,32,120,45,2,-13,-1,L
210,9,8,5,8,5,32,121,39,2,-9,-1,9,7,5,8,5,28,121,39,2,-11,-1,9,8,5,8,5,28,121,39,1,-9,-1,8,8,5,8,5,28,120,41,1,-5,0,9,8,5,8,5,31,121,38,3,-8,-2,9,8,5,8,4,29,120,40,3,-12,-1,9,8,5,8,5,29,121,38,3,-10,-1,9,8,5,8,5,28,121,40,3,-10,0,9,8,5,8,5,28,120,37,2,-9,-2,9,8,5,8,5,29,120,39,4,-12,-2,L
211,6,4,6,8,4,22,132,46,-22,-5,16,6,5,6,8,4,16,122,37,1,-14,-1,6,5,6,8,4,27,119,49,-8,-4,5,6,5,6,8,4,24,119,52,4,-7,-1,5,5,6,8,4,56,193,40,-54,31,53,6,5,6,8,4,-141,13,69,34,-12,-11,6,5,6,8,4,32,120,42,-11,34,16,6,5,6,8,4,33,114,82,-9,5,9,6,5,6,8,5,7,108,81,-36,8,1,6,5,6,8,4,20,107,89,-7,43,-3,M
212,7,5,6,8,4,15,122,47,1,-10,0,6,5,6,8,5,20,121,46,3,-8,0,6,5,6,8,4,20,123,44,7,-5,-4,6,5,6,8,5,21,122,46,3,-15,-2,6,5,6,8,5,22,123,47,-2,-12,-3,6,5,6,8,4,24,120,46,-2,-11,1,6,5,6,8,5,21,121,46,2,-11,0,6,5,6,8,4,21,121,43,6,-10,0,6,5,6,8,4,24,123,42,4,-8,2,6,5,6,8,4,18,120,38,0,-13,4,M
213,7,5,6,8,4,21,122,43,2,-9,0,6,5,6,8,5,20,123,40,1,-12,-1,6,5,6,8,5,18,122,38,2,-10,-1,6,5,6,8,4,21,122,38,3,-12,1,6,5,6,8,4,19,125,42,1,-13,-1,6,5,6,8,5,20,123,39,5,-11,-2,6,5,6,8,5,19,124,37,0,-8,0,6,5,6,8,5,20,125,36,3,-10,-1,6,5,6,8,4,19,123,38,2,-12,-1,6,5,6,8,5,24,122,41,3,-9,0,M
214,7,5,6,8,4,22,124,35,-4,-7,1,6,5,6,8,5,24,122,35,2,-9,2,6,5,6,8,4,22,120,34,2,-12,-2,6,5,6,8,5,16,121,38,5,-15,-7,6,5,6,8,4,19,125,33,2,-15,0,6,5,6,8,5,20,119,37,2,-10,-3,6,5,6,8,5,19,123,35,0,-8,-1,6,5,6,8,5,18,123,35,4,-10,2,6,5,6,8,4,19,122,35,-1,-10,0,6,5,6,8,5,17,123,35,4,-9,-1,M
215,7,5,6,8,4,20,123,34,2,-13,-1,6,5,6,8,5,21,122,35,1,-12,0,6,5,6,8,5,20,121,34,1,-12,2,6,5,6,8,4,23,123,35,3,-9,-1,6,5,7,8,5,20,122,34,2,-11,-1,6,5,6,8,5,24,122,35,2,-11,-1,6,5,6,8,5,21,123,35,2,-8,0,6,5,6,8,5,20,121,33,3,-9,1,7,5,6,8,5,22,123,34,2,-8,-1,6,5,6,8,5,19,123,32,3,-8,-2,M
216,7,6,6,7,4,32,119,40,3,-18,-1,6,5,6,7,4,31,123,41,4,-7,0,6,6,6,7,4,31,120,40,2,-11,0,6,6,6,7,4,35,120,39,6,-10,-4,6,6,6,7,4,35,119,37,7,-11,4,6,6,6,8,4,32,122,37,3,-1,-6,6,6,6,7,4,29,121,39,2,-12,-2,6,6,6,7,4,31,123,39,4,-9,0,6,6,6,8,4,28,122,39,8,-9,1,6,6,6,7,4,32,120,40,0,-9,0,N
217,7,6,6,7,4,30,121,39,5,-12,0,7,6,6,7,4,27,120,34,1,-13,0,6,6,6,7,4,28,120,36,0,-14,2,6,6,6,7,4,31,120,39,3,-10,2,6,6,6,7,4,28,120,36,4,-9,-2,6,6,6,8,4,30,121,37,2,-8,-1,6,6,6,7,4,26,119,38,2,-10,2,6,6,6,7,4,32,122,35,2,-10,-1,7,6,6,7,4,30,121,37,2,-11,0,7,5,6,8,4,33,122,38,3,-10,-1,N
218,7,6,6,8,4,29,121,34,3,-12,0,6,6,6,7,4,28,120,32,2,-11,-2,6,6,6,7,4,31,121,35,2,-10,0,7,6,6,8,4,31,121,36,2,-9,1,6,6,6,7,4,29,121,34,2,-9,-1,6,6,6,7,4,29,121,35,2,-9,-2,6,6,6,8,4,32,120,35,4,-9,-1,7,6,6,8,4,31,120,34,1,-10,-3,7,6,6,7,4,31,122,31,3,-9,-1,6,6,6,7,4,30,120,35,2,-8,-1,N
219,7,6,6,7,4,28,120,37,4,-9,-4,7,6,6,7,4,29,120,33,4,-11,1,7,5,6,7,4,29,119,33,1,-11,-1,7,6,6,7,4,29,121,33,1,-10,-1,7,6,6,8,4,27,122,32,2,-10,-1,6,6,6,8,4,25,121,32,3,-11,-3,6,6,6,7,4,30,121,33,4,-9,-1,7,6,6,8,4,29,122,32,2,-9,-1,7,6,6,7,4,25,122,32,2,-8,-1,7,6,6,8,4,29,121,29,11,-8,-1,N
220,7,6,6,8,4,18,122,25,4,-9,-2,7,6,6,7,4,22,124,25,2,-11,0,7,6,6,8,4,20,122,24,2,-10,-1,6,6,6,7,4,20,122,24,1,-11,0,6,6,6,8,4,19,121,24,2,-12,0,7,6,6,8,4,19,122,22,1,-10,0,7,5,6,8,4,20,122,21,4,-9,-2,6,6,6,8,4,20,121,21,1,-10,-1,7,6,6,7,4,20,124,22,1,-11,1,7,6,6,8,4,19,124,22,1,-9,1,N
221,6,5,5,8,6,19,122,51,3,-10,3,6,5,6,8,6,18,124,51,8,-12,-1,5,5,5,8,6,22,120,51,-2,-11,5,5,5,5,8,0,19,122,52,1,-14,2,5,5,5,8,0,22,120,53,6,-10,-4,5,5,5,8,6,23,121,51,-2,-8,1,5,6,5,8,6,17,120,52,-1,-8,-2,5,5,6,8,6,22,120,56,-2,-6,6,5,5,6,8,6,24,122,58,2,-12,3,5,6,5,8,6,20,122,55,2,-9,1,O
222,6,5,5,8,6,12,122,58,2,-12,1,5,5,6,8,6,15,122,54,4,-9,-1,6,6,6,9,6,14,121,53,3,-11,-1,6,5,6,8,6,15,121,54,3,-12,-1,5,5,6,8,6,11,123,51,1,-11,0,5,5,5,8,6,13,123,53,2,-13,-1,5,5,6,8,6,11,122,52,3,-11,0,5,5,6,8,6,12,121,51,3,-8,-1,6,5,6,8,6,15,124,56,3,-8,-1,5,6,5,8,6,13,121,54,3,-10,-1,O
223,6,5,5,8,6,14,123,55,3,-11,0,6,5,6,8,6,10,122,54,2,-7,0,6,6,5,9,6,10,123,54,2,-12,-2,6,5,6,8,6,11,122,56,2,-10,0,5,5,6,8,6,10,124,54,1,-10,0,6,5,6,8,6,12,122,54,3,-9,-2,5,6,6,8,6,12,122,55,2,-7,-1,5,6,6,8,6,6,123,53,2,-12,0,6,6,6,8,6,11,123,56,2,-9,0,6,5,6,8,6,9,123,54,2,-10,0,O
224,6,5,6,8,6,10,123,53,2,-10,-1,6,5,6,8,6,9,120,54,1,-10,0,6,5,6,8,6,9,122,54,2,-11,-1,5,5,6,8,6,8,122,55,2,-10,-1,5,5,6,8,6,7,122,53,2,-10,-2,6,5,6,9,6,10,124,53,4,-10,-2,5,6,5,9,6,8,122,51,2,-9,-2,5,6,6,8,6,7,122,55,2,-9,0,5,6,6,8,6,8,123,53,1,-10,-1,5,5,6,8,6,9,123,55,2,-10,-1,O
225,6,5,6,8,6,7,123,54,2,-10,-1,6,6,6,8,6,7,123,55,3,-9,0,6,5,6,8,6,8,123,54,2,-13,-1,6,6,5,9,6,9,122,53,2,-9,0,5,6,5,8,6,7,123,53,2,-10,0,6,5,6,8,6,5,123,55,3,-9,-1,6,5,6,8,6,7,123,52,1,-10,-1,5,6,6,8,6,8,123,54,2,-11,-1,5,5,6,8,6,7,123,54,2,-11,0,5,6,6,8,6,7,123,53,2,-10,0,O
226,9,8,7,8,5,61,37,133,-11,-20,6,8,8,6,8,5,73,30,130,-2,-11,-1,8,8,6,8,5,79,32,128,9,-12,2,8,8,6,8,5,73,30,127,0,-10,2,8,8,6,8,5,74,31,130,3,-8,-1,8,8,6,8,5,77,25,133,2,-8,-2,8,8,6,8,5,76,31,128,5,-11,1,8,8,6,8,5,72,32,129,-2,-13,2,8,8,6,8,5,77,24,131,-1,-10,1,8,8,6,8,5,78,23,131,-3,-12,-4,P
227,8,8,6,8,5,83,26,128,1,-11,-1,8,8,6,8,5,79,27,128,2,-9,-1,8,8,6,8,5,80,28,126,1,-11,-1,8,8,6,8,5,83,26,126,2,-9,-1,8,8,6,8,5,83,28,123,4,-9,-1,8,7,6,8,5,84,26,124,1,-10,-2,8,8,6,8,5,83,26,123,1,-12,-2,8,8,6,8,5,83,28,123,3,-9,1,8,8,6,8,5,85,28,122,2,-11,-1,8,8,6,8,5,86,27,123,3,-7,3,P
228,8,8,7,8,5,71,25,136,2,-10,0,8,8,7,8,5,70,28,135,0,-11,-1,8,8,7,8,5,68,27,137,2,-11,-1,8,8,7,8,5,71,24,134,-1,-11,-1,8,8,7,8,5,72,24,135,3,-9,-2,8,8,7,8,5,74,22,134,4,-12,0,8,8,7,8,5,73,24,133,2,-14,-1,8,8,7,8,5,71,27,132,2,-10,2,8,8,6,8,5,73,27,131,3,-10,0,8,8,7,8,5,70,28,135,3,-10,-1,P
229,8,8,7,8,5,74,27,132,2,-11,1,8,7,7,8,5,72,29,133,3,-10,0,8,8,7,8,5,75,29,131,4,-7,0,8,8,7,8,5,71,28,132,4,-13,-5,8,8,7,8,5,75,28,133,4,-9,-1,8,8,7,8,5,70,30,132,1,-9,-1,8,8,7,8,5,75,28,130,2,-11,-1,8,8,7,8,5,73,29,130,2,-10,-1,8,8,7,8,5,73,30,133,3,-10,-2,8,8,7,8,5,73,32,129,5,-8,-1,P
230,8,8,7,8,5,76,34,127,1,-12,-2,8,8,7,8,5,76,35,127,2,-13,0,8,8,7,8,5,76,36,126,4,-8,0,8,8,7,8,5,78,35,126,1,-11,0,8,8,7,8,5,76,38,127,3,-12,-2,8,8,7,8,5,75,38,126,3,-10,-1,8,8,7,8,5,79,35,126,3,-11,1,8,8,7,8,5,79,38,126,6,-8,0,8,8,7,8,5,77,38,126,3,-7,0,8,8,7,8,5,80,37,122,3,-10,-1,P
231,8,6,5,7,4,92,18,120,-4,-14,-2,8,6,5,8,5,91,25,115,5,-11,6,8,6,5,7,5,91,24,117,4,-10,3,8,6,5,8,4,95,21,118,-1,-8,1,8,6,5,8,5,94,21,117,3,-13,1,8,6,5,8,4,93,17,118,-1,-10,0,8,6,5,7,5,91,17,121,0,-14,0,8,6,5,8,5,84,13,123,-12,8,1,8,6,5,8,5,82,5,107,0,-9,-6,8,6,5,8,0,75,-1,131,-20,1,18,Q
232,9,6,5,8,5,73,4,142,7,-3,2,8,6,5,8,5,55,11,146,-3,-16,-4,8,6,5,8,5,65,6,143,1,-12,-1,8,6,5,8,5,62,9,143,1,-10,-2,8,6,5,8,5,64,7,143,-2,-13,-2,8,6,5,8,5,62,11,143,1,-13,-2,8,6,5,8,5,64,9,142,-1,-12,-4,8,6,5,8,5,61,10,144,0,-12,-1,8,6,5,8,5,64,9,143,2,-10,-1,8,6,5,8,5,62,11,144,2,-12,-2,Q
233,8,6,5,8,5,67,11,142,3,-11,-1,8,6,5,8,5,64,12,142,1,-10,0,8,6,4,8,5,66,11,142,2,-10,0,8,6,5,8,5,62,12,143,2,-9,-1,8,6,5,8,5,65,12,141,2,-10,-1,8,6,5,8,5,65,12,143,2,-10,-1,8,6,5,8,5,65,13,142,2,-9,-1,8,6,5,8,5,64,12,143,0,-12,-2,8,6,5,8,5,67,11,142,2,-10,1,8,6,5,8,5,65,11,142,1,-12,-2,Q
234,9,6,5,8,5,65,16,140,1,-12,-3,8,6,5,8,5,67,16,141,1,-12,0,8,6,5,8,5,67,15,140,2,-9,-1,8,6,5,7,5,67,15,141,1,-10,-3,8,6,5,8,5,69,16,139,0,-10,1,8,6,5,8,5,66,20,136,2,-10,-1,8,6,5,8,5,69,18,139,2,-9,0,8,6,5,8,5,68,16,141,1,-9,-2,8,6,5,8,5,67,18,139,3,-10,-1,8,6,5,8,5,70,19,138,3,-9,-1,Q
235,8,6,5,8,4,67,21,138,5,-6,-1,8,6,5,8,5,67,19,137,1,-9,-2,8,6,5,8,5,70,16,138,1,-11,2,8,6,5,7,5,66,15,140,1,-9,0,8,6,5,8,4,69,11,141,3,-13,-1,8,6,5,8,5,69,16,140,2,-6,-1,8,6,5,8,5,69,14,140,4,-10,-1,8,6,5,8,5,69,17,137,5,-10,-3,8,6,5,8,5,68,16,138,2,-10,-2,8,6,4,8,4,66,19,138,3,-10,-1,Q
236,8,8,7,9,8,72,28,140,1,-6,-1,8,8,7,10,8,70,27,139,5,-11,-2,8,8,7,10,8,63,33,136,-2,-13,-4,8,8,7,9,0,65,32,140,0,-14,1,8,7,7,9,0,64,32,138,0,-6,-1,8,8,7,9,8,62,32,139,3,-10,-2,8,8,7,9,8,64,31,139,3,-7,-3,8,8,7,10,0,60,33,138,7,-5,-2,8,8,7,9,8,62,31,142,2,-6,1,8,8,7,9,8,55,35,147,15,2,-12,R
237,8,8,7,7,4,30,119,39,1,-13,-1,7,8,7,8,4,28,115,37,-1,-15,3,8,8,7,7,4,49,114,39,20,-16,-2,7,8,7,7,4,38,121,39,0,-9,4,7,8,7,7,4,41,119,41,26,-37,-1,7,8,7,7,4,38,116,32,-1,-17,1,7,8,7,7,4,37,118,33,2,-10,-3,7,8,7,7,5,37,118,32,5,-9,-2,7,8,7,7,4,38,119,30,5,-8,-2,7,8,7,7,5,36,118,31,5,-7,-4,R
238,8,8,7,8,4,26,120,37,2,-13,0,7,8,7,7,4,25,123,34,6,-11,-1,7,8,7,8,4,26,121,29,7,-15,-3,7,8,7,7,4,27,121,32,-1,-15,1,7,8,7,7,4,30,120,28,7,-10,-3,7,8,7,7,4,26,121,31,2,-10,-2,7,8,7,8,4,24,122,28,1,-12,0,7,8,7,7,4,25,124,29,1,-11,1,7,8,7,7,4,25,119,29,1,-11,-1,8,8,7,7,4,28,120,30,1,-11,1,R
239,8,8,7,7,4,23,119,26,2,-10,-1,8,8,7,7,4,22,122,25,4,-10,-1,8,8,7,8,4,20,124,25,4,-5,-2,8,8,7,7,4,26,122,25,0,-8,6,7,9,7,7,4,26,117,23,11,-21,3,7,8,7,8,4,25,120,19,2,-8,-3,8,9,7,7,4,24,120,19,-2,-8,-1,8,8,7,7,4,28,123,22,1,-10,0,8,8,7,7,4,25,123,22,9,-6,-2,8,8,8,7,4,24,121,21,0,-10,0,R
240,8,8,7,7,4,23,121,23,2,-10,0,8,8,7,7,4,24,121,19,5,-12,1,7,9,7,7,4,25,119,19,8,-10,-3,8,8,7,8,4,18,118,12,-7,-12,1,8,9,7,8,4,25,121,18,3,-10,-1,8,9,7,7,4,23,122,18,3,-11,0,8,8,8,7,4,24,120,18,1,-7,-1,8,9,7,7,4,24,121,18,2,-7,-2,7,8,7,7,4,26,121,19,4,-8,-2,7,9,7,7,4,23,122,19,2,-9,-1,R
241,6,3,4,8,4,0,0,0,0,0,0,5,4,4,7,4,34,114,65,12,-19,-3,5,3,4,8,4,37,115,57,9,-16,-1,5,3,4,8,4,36,120,56,-1,-15,-8,6,4,4,7,4,20,108,59,-3,-18,-6,6,4,4,8,4,19,117,55,3,-9,-5,6,3,4,8,4,26,117,48,5,-15,-2,6,4,4,7,4,29,118,55,2,-9,-2,6,3,4,8,4,24,119,53,5,-6,-3,6,3,4,8,4,29,118,54,3,-11,0,S
242,6,4,4,8,4,32,117,58,3,-14,0,6,3,4,8,4,31,118,60,1,-6,-3,6,4,4,8,4,29,120,55,1,-14,0,6,4,4,8,4,27,119,55,2,-8,0,6,4,4,8,4,30,119,57,2,-9,-2,6,4,4,8,4,28,118,55,3,-10,-2,6,3,4,8,4,30,118,56,-2,-10,1,6,4,4,8,4,31,121,55,3,-15,-1,6,4,4,8,4,30,118,55,4,-11,-2,6,4,4,8,5,29,119,56,2,-8,-1,S
243,6,4,4,8,4,24,120,56,0,-10,-1,6,4,4,7,4,23,118,55,1,-10,1,6,4,4,7,4,26,118,53,0,-11,0,6,4,4,8,4,26,120,54,4,-8,0,6,4,4,8,4,27,121,56,0,-9,-1,6,3,4,8,5,27,120,54,1,-10,0,6,4,4,8,4,26,119,54,2,-9,2,6,4,4,8,4,27,119,55,1,-12,0,6,4,4,8,5,27,119,52,4,-12,-2,6,4,4,8,4,25,120,53,0,-13,-1,S
244,6,4,4,8,4,29,117,50,1,-9,-1,6,4,4,8,4,28,118,52,-2,-6,-3,6,4,4,8,4,30,117,60,3,-7,0,6,4,4,8,4,28,118,60,3,-8,0,6,4,4,8,4,30,120,51,6,-10,-4,6,4,4,8,4,29,119,52,2,-14,1,6,4,4,8,4,32,119,55,5,-9,-1,6,4,4,8,4,29,119,53,2,-13,0,6,4,4,8,4,31,119,54,2,-13,-1,6,4,4,8,4,30,118,52,3,-11,-2,S
245,6,3,4,8,4,29,120,49,2,-10,-1,6,4,4,8,4,30,119,49,4,-10,-1,6,4,4,8,4,28,119,49,4,-8,0,6,4,4,8,4,28,121,49,2,-11,-1,6,4,4,8,4,27,120,48,2,-9,-2,6,4,4,8,4,31,119,48,2,-10,-2,6,4,4,8,4,29,120,49,2,-12,1,6,4,4,8,4,29,119,51,1,-7,0,6,4,4,8,4,29,120,49,3,-10,-2,6,4,4,8,4,28,119,49,1,-12,0,S
246,10,5,5,7,4,0,0,0,0,0,0,10,5,5,8,4,46,91,109,4,-5,-3,10,5,5,8,4,31,97,95,33,-4,-6,9,5,5,7,4,28,100,112,-22,13,-4,9,5,5,7,4,26,98,93,-5,36,-1,9,5,5,7,4,10,106,163,-118,-12,80,9,5,5,8,4,40,94,103,30,-15,0,9,5,5,7,4,17,94,78,7,-41,31,10,5,5,8,4,42,111,78,-1,-11,-20,10,5,5,8,4,27,115,73,-2,-11,5,T
247,10,5,5,7,4,31,118,55,2,-12,0,10,5,5,8,4,30,117,54,2,-9,0,9,5,5,7,4,31,117,53,1,-10,-1,10,5,5,8,4,30,118,56,1,-11,1,10,5,5,8,4,30,117,55,1,-10,0,10,5,5,8,4,33,118,57,1,-9,0,9,5,5,8,4,30,119,54,2,-11,-1,10,5,5,7,5,32,119,55,3,-10,-2,10,5,5,8,4,30,119,57,2,-9,-2,9,5,5,7,4,32,118,56,3,-10,-1,T
248,10,5,5,8,4,30,120,55,2,-9,-1,10,5,5,8,4,27,119,53,2,-9,-1,10,5,5,7,4,29,119,54,2,-14,1,10,5,5,7,4,32,119,54,6,-14,-3,10,5,5,8,4,31,119,56,2,-12,-1,10,5,5,8,4,31,119,56,3,-14,-1,9,5,5,8,4,29,117,57,3,-11,-2,10,5,5,8,4,32,119,56,4,-10,-1,9,5,5,8,4,28,118,55,4,-10,-1,10,5,5,8,4,31,119,54,3,-9,1,T
249,10,5,5,7,4,25,120,53,3,-10,-2,9,5,5,7,4,32,120,52,2,-7,-1,9,5,5,8,4,26,119,52,3,-13,-2,10,5,5,8,4,27,120,54,3,-12,-1,10,5,5,8,4,25,119,54,2,-9,-1,9,5,5,8,4,26,119,52,2,-9,-1,10,5,5,8,4,28,120,54,2,-10,-2,10,5,5,8,4,27,119,54,3,-8,-1,9,5,5,8,4,28,120,53,2,-10,-1,9,5,4,8,4,26,120,54,2,-9,-1,T
250,10,5,5,7,4,31,119,55,3,-11,-2,10,5,5,7,4,28,119,53,0,-9,1,10,5,5,8,4,29,122,55,2,-10,0,9,5,5,8,4,28,119,52,2,-9,-1,10,5,5,8,4,29,120,54,2,-9,0,9,5,5,8,4,28,118,55,1,-14,0,10,5,5,7,4,28,119,52,0,-9,-1,9,5,5,8,4,31,118,53,3,-11,-1,10,5,5,8,4,27,120,53,2,-12,-2,10,5,5,8,4,28,121,53,0,-9,-1,T
251,8,8,8,7,4,82,85,28,9,17,3,8,8,7,7,5,38,117,46,23,-12,-3,7,8,7,7,4,26,124,32,-1,-28,2,7,8,7,7,4,27,127,25,56,27,0,8,0,7,7,4,18,127,19,-35,2,12,7,7,7,7,4,24,95,22,14,13,33,7,0,7,7,4,19,119,15,11,-22,2,7,8,7,7,4,8,111,17,14,-4,-18,7,8,7,7,4,22,122,20,10,-13,-5,7,7,7,7,4,23,116,12,6,-9,6,U
252,7,7,7,7,4,15,121,9,4,-11,-1,7,7,7,7,5,19,122,12,3,-13,0,7,7,8,7,4,20,119,8,1,-18,3,7,7,7,7,4,19,120,11,6,-8,-3,7,7,7,7,4,18,122,7,0,-14,2,7,7,7,7,4,17,126,10,-1,-8,-2,7,7,7,7,4,17,121,12,-1,-9,2,7,7,8,7,5,22,120,10,4,-12,-1,7,7,7,7,4,19,121,11,4,-12,0,7,7,7,7,4,19,122,12,3,-8,0,U
253,7,7,7,8,4,18,122,14,-2,-11,0,7,7,7,8,4,14,122,16,4,-10,0,7,7,7,7,4,20,120,20,1,-12,-3,7,7,8,7,4,15,123,16,1,-10,-1,8,7,7,7,4,17,121,16,2,-9,-2,7,7,7,7,4,18,122,17,4,-9,-1,7,7,7,7,4,19,123,21,1,-11,1,7,7,7,7,4,17,122,20,-4,-10,4,7,7,7,7,4,20,120,18,10,-9,-4,7,7,7,7,4,18,124,19,2,-11,0,U
254,8,7,7,7,4,23,123,31,-2,-9,2,7,7,7,8,4,22,126,30,-1,-7,2,7,7,7,7,5,21,121,31,4,-10,-4,7,7,7,7,4,23,122,29,1,-14,0,7,7,7,7,4,23,121,29,3,-8,0,7,7,7,7,4,22,122,30,2,-9,-1,7,7,7,7,4,23,124,31,2,-11,0,7,7,7,7,5,20,119,25,2,-19,1,7,7,7,7,4,22,124,27,2,-7,1,7,7,7,8,4,21,121,28,4,-7,-1,U
255,7,7,7,7,4,0,0,0,0,0,0,7,8,7,7,5,24,124,30,4,-11,0,8,7,8,7,4,22,121,28,3,-9,-1,7,7,7,7,5,22,122,28,4,-11,-2,7,7,8,7,4,24,123,27,3,-8,-1,7,7,8,7,4,24,122,27,0,-9,1,7,7,7,8,4,24,122,28,3,-10,-1,7,7,7,7,4,25,120,32,8,-10,-3,7,7,7,7,5,22,121,22,3,-13,0,7,7,7,7,4,23,121,20,4,-10,-2,U
256,8,7,8,8,4,35,117,14,-5,-19,-2,8,7,7,8,4,32,114,3,5,-12,2,7,7,7,8,4,34,121,4,7,-13,0,8,7,8,7,4,35,116,2,6,-12,-1,8,7,7,7,4,24,117,3,-5,-12,0,8,7,7,8,4,28,118,4,-9,-20,6,8,7,8,7,4,27,117,11,11,3,-8,8,7,7,7,4,32,115,14,2,-12,-3,7,7,7,8,4,25,120,11,2,-10,-3,8,7,7,7,4,32,121,13,4,-20,6,V
257,8,7,7,8,4,24,121,24,3,-10,0,8,7,7,7,4,27,122,24,3,-15,0,8,8,7,8,4,26,122,24,7,-8,-3,8,7,7,7,4,25,119,23,1,-12,0,8,7,8,7,5,28,121,24,-1,-9,-1,8,7,7,7,4,29,121,21,2,-15,0,8,7,7,7,4,25,119,20,2,-11,0,8,7,7,8,4,25,122,22,4,-14,0,8,7,7,7,4,26,120,22,3,-11,0,8,7,7,7,4,25,121,21,7,-7,-4,V
258,8,7,7,8,4,27,124,33,-14,-17,5,8,8,7,7,4,30,123,28,6,3,-8,8,6,7,8,4,33,121,39,13,-6,-3,8,6,7,8,4,33,121,40,2,-13,0,8,7,7,8,4,34,119,41,3,-9,-1,8,7,7,8,4,33,120,38,6,-11,0,8,7,7,7,4,34,121,41,3,-9,-1,8,6,7,8,4,30,118,32,1,-6,-3,8,6,7,8,4,32,119,31,3,-10,-1,8,6,7,8,4,35,121,31,0,-10,-1,V
259,8,7,7,8,4,31,119,24,0,-9,-1,8,7,7,8,5,31,119,24,3,-9,-1,8,7,7,8,4,31,120,24,1,-12,2,8,7,7,7,4,34,120,26,1,-9,0,8,0,7,8,4,34,119,26,2,-10,0,8,0,7,7,4,34,119,25,2,-12,0,8,0,7,8,4,34,121,25,3,-9,-1,8,7,7,8,4,35,120,25,1,-10,0,8,7,7,8,4,33,118,26,1,-9,-1,8,7,7,8,4,31,120,25,3,-10,-1,V
260,8,0,7,8,4,32,120,36,0,-17,1,8,7,8,8,5,31,123,36,12,-10,3,8,0,8,8,4,35,118,37,2,-12,-1,8,8,7,8,4,33,117,32,3,-16,-1,8,0,7,8,4,31,118,34,3,-11,-2,8,0,7,8,4,34,121,37,5,-12,-1,8,0,7,8,4,36,121,37,2,-11,1,8,7,7,8,4,35,121,36,1,-10,0,8,0,7,8,5,32,119,36,2,-11,0,8,8,7,8,5,35,119,36,0,-10,0,V
261,7,7,8,10,4,9,124,6,6,-14,-3,7,7,7,10,4,12,122,3,3,-9,0,7,7,8,10,4,8,119,-1,3,-12,-1,7,7,7,10,4,10,121,2,3,-11,-1,7,7,8,10,4,10,120,-1,2,-9,-3,7,7,8,10,4,8,122,-1,3,-11,-1,7,0,8,10,4,7,119,-1,2,-8,-5,7,8,7,10,4,8,119,3,8,14,-12,7,7,8,10,4,11,120,3,-9,-13,-3,7,7,8,10,4,6,121,5,-2,-7,2,W
262,8,7,8,10,6,33,120,26,3,-9,1,8,8,8,10,6,0,97,23,-9,12,23,8,8,7,10,6,59,101,48,-4,-10,11,8,7,7,10,6,68,111,53,3,11,-25,8,7,8,10,6,74,94,66,-27,15,16,8,7,7,10,6,215,234,93,19,-20,-6,8,7,8,10,6,72,88,65,-8,2,5,8,8,7,10,6,130,181,107,14,-29,35,8,8,8,10,6,74,96,70,-32,28,6,8,0,8,10,6,65,97,84,1,-14,-1,W
263,8,7,8,10,4,20,118,2,2,-13,1,8,7,8,10,4,18,119,-1,1,-10,-1,8,7,8,10,4,23,118,1,4,-15,1,8,0,8,10,4,20,119,1,1,-11,0,8,0,8,10,4,17,120,4,2,-14,-2,7,0,8,10,4,18,120,6,6,-9,-1,7,7,7,10,4,15,124,-1,27,11,-19,8,7,8,10,4,20,120,4,0,-15,8,7,7,8,10,4,23,120,5,13,-7,-3,7,7,8,10,4,25,114,0,1,-13,3,W
264,7,0,8,10,3,34,133,15,1,0,-24,7,7,8,10,4,-10,115,7,9,-5,-26,7,7,8,10,4,13,127,15,13,18,66,7,7,8,10,4,21,123,1,-20,4,8,7,0,7,10,4,34,121,30,7,-5,4,7,7,7,10,4,28,121,40,-4,-20,1,7,7,8,10,4,30,120,38,7,-13,-1,8,7,8,10,4,28,119,11,36,-9,-1,7,7,8,10,4,28,118,3,5,-13,1,8,0,8,10,4,32,117,5,0,-14,3,W
265,8,6,8,10,4,30,117,6,4,-11,0,8,8,8,10,4,31,117,6,1,-11,0,7,7,8,10,4,30,117,7,0,-10,1,8,0,8,10,4,32,118,6,1,-12,1,7,7,8,10,4,32,119,7,2,-9,-1,7,7,8,10,4,32,117,8,2,-9,-1,7,7,8,10,4,33,118,6,3,-11,0,8,7,8,10,4,31,117,6,1,-10,0,7,0,8,10,4,32,117,5,2,-9,0,7,8,8,10,4,31,117,6,3,-10,-1,W
266,8,6,4,8,5,0,0,0,0,0,0,7,6,4,7,5,46,115,30,2,-8,0,8,6,4,8,5,43,116,27,1,-10,-1,7,6,4,8,5,45,115,31,0,-9,1,7,6,4,7,5,42,117,25,10,-8,0,7,6,4,7,5,44,116,27,3,-14,-3,7,6,4,8,5,45,115,28,2,-11,0,7,6,4,8,5,45,117,30,2,-12,-2,7,6,4,7,5,43,117,28,2,-9,-1,7,6,4,8,5,42,118,29,5,-11,-1,X
267,7,6,4,8,4,37,117,27,2,-8,-2,7,6,4,8,5,36,117,27,3,-9,-1,7,6,4,8,5,37,118,27,2,-9,-1,7,6,4,8,5,39,117,25,1,-9,-1,7,6,4,7,5,36,118,26,2,-12,-1,7,6,4,7,5,32,118,24,1,-8,-2,7,6,4,8,5,34,120,27,3,-9,2,7,6,4,8,4,33,116,23,2,-9,-1,7,5,4,7,5,37,117,25,2,-10,-2,7,6,4,7,5,33,118,24,1,-9,0,X
268,8,6,4,8,4,28,120,19,1,-12,-3,7,6,4,8,4,29,120,18,3,-9,-2,7,6,4,8,5,29,120,21,-2,-13,0,7,6,4,7,5,28,121,21,4,-11,-2,7,6,4,8,5,28,121,18,3,-10,0,7,6,4,8,5,28,120,20,2,-11,-1,7,6,4,8,5,30,120,20,2,-9,-2,7,6,4,8,5,29,119,20,3,-9,-1,7,6,4,8,5,28,119,20,1,-12,0,7,6,4,8,4,28,120,19,4,-11,-1,X
269,7,6,4,8,4,27,121,18,2,-11,-1,7,6,4,8,5,27,120,18,4,-8,0,7,6,4,8,5,25,121,16,2,-11,0,7,6,4,7,5,24,120,18,2,-13,1,7,6,4,7,5,30,122,19,3,-11,-2,7,6,4,8,5,27,121,18,3,-9,-1,7,6,4,8,5,26,121,21,2,-9,-2,7,6,4,8,5,26,119,18,1,-9,-1,7,6,4,7,5,25,119,19,2,-6,0,7,6,4,8,5,20,119,18,8,-5,-6,X
270,8,6,4,8,5,27,120,19,3,-13,-4,7,6,4,8,5,22,122,19,2,-11,-1,7,6,4,8,5,23,123,17,1,-10,-1,7,6,5,8,5,21,122,16,2,-9,-1,7,6,4,8,5,24,122,17,2,-10,-1,7,6,4,8,5,22,120,18,2,-10,-1,7,6,5,8,5,23,122,18,2,-11,-2,8,6,5,8,5,19,122,17,2,-9,-2,7,6,4,8,4,19,122,18,3,-10,1,7,6,4,8,5,21,121,18,2,-10,0,X
271,8,6,6,9,8,15,91,101,-34,-1,-32,8,6,7,9,9,31,125,32,47,-68,-30,8,5,6,8,9,35,118,27,-2,0,0,8,5,6,8,9,42,125,37,7,-18,-1,8,5,6,8,9,41,113,39,2,-13,1,8,5,6,8,9,26,125,28,21,24,-9,8,5,6,8,9,45,118,24,-19,-3,2,8,5,6,9,9,40,118,49,-5,-7,6,8,5,6,8,9,38,122,41,-7,-11,-8,8,5,6,8,9,39,117,59,-3,-10,-11,Y
272,8,5,6,8,9,29,124,38,3,-11,0,8,5,6,8,9,23,120,35,4,-10,-2,8,5,6,8,9,27,121,40,2,-6,-2,8,5,6,8,8,27,123,36,3,-10,0,8,5,6,8,9,26,121,37,3,-10,-2,8,5,6,8,9,29,121,38,3,-12,-2,8,5,6,8,9,23,122,39,2,-13,0,8,5,6,8,9,24,121,39,3,-12,-1,8,5,6,8,9,26,121,40,0,-10,0,8,6,6,8,9,20,120,36,3,-14,-2,Y
273,8,5,6,8,8,20,122,36,2,-12,-1,8,5,6,8,9,21,123,35,2,-11,-1,8,5,6,8,9,22,122,35,2,-8,-1,8,5,6,8,9,20,122,35,3,-9,-1,8,5,6,9,9,21,123,36,2,-10,-1,8,5,6,9,9,20,123,36,2,-10,-1,8,6,6,8,9,20,121,35,2,-11,-1,8,6,6,9,9,21,122,35,3,-10,-1,8,5,6,9,8,21,123,36,2,-10,-2,8,5,6,8,9,20,123,35,3,-11,-1,Y
274,8,5,6,8,9,17,124,32,2,-10,-1,8,5,6,8,9,19,123,32,2,-10,0,8,6,6,8,9,19,122,34,1,-11,1,8,5,6,9,9,18,122,35,0,-10,2,8,5,6,9,9,14,124,30,3,-12,-1,8,5,6,9,9,19,123,33,2,-10,2,8,5,6,8,9,17,123,32,3,-8,-1,8,5,6,9,9,17,123,30,2,-8,0,8,6,6,9,9,19,121,32,2,-10,-2,8,6,6,9,9,17,124,31,3,-9,-3,Y
275,8,5,6,8,9,17,121,32,2,-9,-1,8,6,6,9,9,14,123,31,3,-8,-1,8,5,6,9,9,16,123,33,2,-13,0,8,5,6,8,9,18,125,31,2,-11,1,8,6,6,8,9,14,121,31,2,-10,1,8,5,6,8,9,14,125,32,1,-11,-1,8,5,6,8,9,17,123,32,3,-10,-2,8,6,6,9,9,15,123,30,2,-10,1,8,5,6,8,9,15,123,29,3,-9,-1,8,6,6,9,9,15,124,28,1,-10,0,Y
276,8,7,6,8,5,49,111,68,5,-8,-2,8,7,6,8,5,47,111,69,2,-8,2,8,7,6,8,5,33,111,58,8,-11,1,7,8,6,8,5,39,114,70,-3,-9,-1,7,8,6,8,5,39,111,69,2,-11,-5,8,7,6,8,0,37,111,67,10,-6,0,8,8,5,8,5,42,114,68,-4,-13,-4,6,7,5,8,5,42,111,76,-11,8,21,6,7,5,7,0,47,99,95,5,-9,-1,6,7,6,7,5,49,99,96,0,-10,-3,Z
277,7,7,6,8,5,0,0,0,0,0,0,7,7,6,8,5,88,80,68,4,-11,-3,7,7,6,8,5,79,83,73,10,1,1,7,0,6,8,5,89,83,64,3,-9,1,6,7,6,8,5,82,76,65,2,-10,-5,6,5,6,8,5,84,78,66,8,-13,-4,6,6,6,8,5,84,80,71,-21,-3,7,7,7,6,8,5,90,80,63,24,-18,-10,7,5,6,8,5,86,80,72,1,-10,0,6,7,6,8,5,83,91,91,66,59,-16,Z
278,7,7,6,8,5,57,18,142,16,-6,-9,7,7,6,8,5,55,14,150,-3,-24,5,7,7,6,8,5,56,18,149,-3,-16,-7,7,7,7,8,5,55,15,143,-5,-9,-5,7,7,6,8,0,65,8,149,4,-10,-3,7,7,6,8,5,58,15,142,11,2,-4,7,7,6,8,5,57,19,146,2,-3,-4,7,7,6,8,5,58,20,148,5,-5,-4,7,7,6,8,5,50,20,150,8,-9,3,7,7,6,8,0,65,74,103,92,22,1,Z
279,8,7,6,8,5,0,0,0,0,0,0,7,7,6,8,5,68,100,57,5,-10,-1,7,7,6,8,5,70,101,56,2,-10,1,7,7,6,8,5,70,99,58,4,-10,-1,7,7,6,8,5,71,103,65,17,12,6,7,7,6,8,5,61,109,52,39,48,-7,7,7,6,8,5,52,106,43,6,29,-18,7,0,6,8,5,33,115,44,18,21,1,8,7,6,8,5,40,113,42,11,-9,2,7,8,6,8,5,42,117,44,0,-1,3,Z
280,7,8,6,8,0,51,98,94,28,-56,-13,7,7,6,8,0,53,97,83,-73,84,39,7,0,6,8,5,26,81,123,-22,-13,-15,7,7,6,8,5,45,86,108,-3,-6,-1,6,8,6,8,5,49,92,101,9,-39,-15,6,8,6,8,6,52,81,106,-4,-20,-4,7,7,6,8,5,28,88,117,11,-5,-2,7,8,6,8,0,25,106,53,24,-47,-41,7,7,6,8,5,40,105,90,4,-23,-21,7,7,6,8,0,32,107,82,-6,-17,-12,Z
281,8,7,8,10,9,-13,121,64,3,-11,0,8,8,8,10,9,-15,120,63,3,-9,0,8,8,7,10,9,-14,121,63,1,-9,0,8,8,8,10,9,-16,121,62,4,-16,0,8,7,8,10,9,-14,120,65,2,-10,-1,8,7,7,10,9,-14,120,64,4,-8,0,8,8,7,10,9,-14,123,66,0,-10,-2,8,8,7,10,9,-18,118,70,3,-10,-6,8,7,8,10,9,-16,120,67,1,-9,0,8,8,7,10,9,-21,119,68,0,-11,-3,hello
282,8,8,7,10,9,27,115,78,7,-9,0,8,8,7,10,9,25,112,79,0,-10,6,8,7,8,10,9,30,119,61,-9,-8,-3,8,8,7,10,9,32,85,115,-22,-7,16,8,8,7,10,9,34,75,124,-3,-16,-1,8,7,8,10,9,30,57,145,-7,-16,-4,8,8,7,10,9,32,53,146,-1,-17,-2,8,8,8,10,9,36,47,138,2,-28,0,8,8,7,10,9,37,57,138,1,-12,-1,8,8,8,10,9,53,46,150,15,-10,4,hello
283,8,8,8,10,9,-34,113,73,2,-8,1,8,8,7,10,9,-33,116,75,3,-13,-3,8,8,7,10,9,-34,114,75,3,-8,-2,8,7,7,10,9,-35,113,74,2,-11,-2,8,8,7,10,9,-33,113,74,2,-10,-1,8,8,7,10,9,-33,114,75,2,-10,-1,8,7,7,10,9,-33,114,74,0,-11,-1,8,8,8,10,9,-35,116,77,-1,-10,3,8,8,8,10,9,-37,113,74,1,-9,-3,8,8,7,10,9,-38,112,75,3,-10,-2,hello
284,8,7,8,10,9,-4,121,64,5,-19,4,8,7,8,10,9,1,122,58,8,-12,-1,8,7,8,10,9,7,124,55,2,-10,2,8,8,7,10,9,4,122,55,2,-8,-1,8,8,7,10,9,4,122,53,2,-11,0,8,8,7,10,9,2,126,57,1,-6,-8,8,8,7,10,9,-16,117,62,-6,-4,-18,8,7,7,10,9,-10,124,64,-1,-12,-2,8,8,8,10,9,-14,120,62,5,-4,1,8,8,7,10,9,-13,124,73,1,2,-12,hello
285,8,7,8,10,9,27,74,112,-7,-17,-4,8,8,8,10,9,20,60,143,-17,13,3,8,8,8,10,9,9,49,149,-1,-10,-5,8,8,8,10,9,28,44,150,-1,-20,3,8,8,8,10,9,38,44,152,5,26,5,8,8,8,10,9,53,41,166,36,79,-11,8,7,8,10,9,8,48,155,71,-43,6,8,8,8,10,9,-27,94,112,30,-42,4,8,8,8,10,9,-40,103,85,11,-22,1,7,8,7,10,9,-33,113,85,-1,-11,4,hello
286,8,7,7,9,7,0,0,0,0,0,0,7,7,7,9,0,53,-14,149,13,-7,-8,8,8,7,9,7,59,-19,145,3,-9,1,8,7,7,9,7,63,-16,125,23,-21,-12,7,7,7,9,7,58,-25,150,22,-10,3,8,7,7,9,7,65,40,126,90,-10,25,8,7,7,9,7,34,45,88,12,-45,-21,7,7,6,8,6,85,71,92,-13,-46,-3,7,8,6,8,5,83,62,101,10,-11,7,7,8,6,8,5,91,60,86,33,-32,1,me
287,8,7,6,8,6,75,67,105,4,-12,-2,8,7,6,8,6,81,67,107,0,-12,0,7,7,6,8,6,79,67,104,3,-10,-1,8,7,6,8,6,80,67,104,2,-9,-1,8,7,6,8,6,78,68,104,2,-8,-1,8,7,6,8,6,77,68,105,1,-7,-1,8,0,6,8,6,73,64,109,-1,-4,0,8,7,6,8,6,53,62,118,-71,-79,-14,8,0,6,8,6,145,-18,94,164,120,-48,8,7,7,8,6,88,81,54,62,5,-7,me
288,7,0,6,8,5,0,0,0,0,0,0,7,0,6,8,6,122,-24,31,2,-11,0,7,0,6,8,6,79,44,86,199,86,-30,8,8,7,9,6,76,100,50,42,6,40,8,8,7,8,6,95,78,44,-9,-27,-9,8,8,7,8,6,92,77,52,6,-8,0,8,8,7,8,6,98,77,53,0,-10,2,8,8,6,9,6,96,77,52,2,-9,-1,8,8,7,8,6,95,75,51,5,-11,1,8,8,7,8,6,93,75,52,4,-13,-2,me
289,8,8,7,9,6,75,88,75,2,-10,-1,8,8,6,9,6,75,88,74,2,-11,0,8,7,6,8,6,76,90,75,3,-10,-1,8,7,6,8,6,75,91,74,2,-11,1,8,8,7,9,6,78,85,71,3,-13,-6,7,0,6,8,6,84,88,65,-2,-10,16,8,0,6,9,6,80,81,70,-10,-21,-18,8,0,6,9,6,84,82,64,9,-9,3,8,0,6,9,6,86,85,63,5,-9,3,8,0,7,8,6,82,83,69,-8,-16,-4,me
290,7,7,6,8,5,62,83,98,8,-8,-1,7,8,7,8,6,60,82,104,2,-5,7,7,8,6,8,6,72,74,107,-2,-12,4,7,8,6,8,5,69,77,103,3,-10,2,7,8,6,8,5,73,76,103,-2,-12,5,7,8,6,8,6,74,75,103,2,-11,3,7,7,6,8,5,74,72,103,-5,-11,3,7,7,6,8,5,78,62,107,-8,-11,4,7,8,6,8,5,79,60,109,6,-3,-1,7,8,6,8,5,81,58,111,1,-10,5,me
291,8,8,8,10,8,0,0,0,0,0,0,8,8,8,10,9,18,120,32,9,-16,-9,8,8,8,10,9,19,119,35,5,5,23,8,8,8,10,9,19,124,33,5,-9,-9,8,8,8,10,0,22,124,32,-7,18,-22,8,8,8,10,9,30,127,40,-40,66,-39,8,8,7,10,9,-2,122,61,-9,-11,2,8,8,8,10,0,-2,118,78,12,-15,7,8,8,8,10,0,5,114,82,5,-15,-5,8,8,8,10,9,3,121,68,8,-9,-5,father
292,8,7,7,10,8,8,125,38,0,-9,2,8,7,7,10,8,17,123,37,-2,-9,1,8,7,7,10,0,19,121,43,1,-11,0,8,7,7,9,0,17,126,39,8,-9,-5,8,7,7,10,8,16,124,40,3,-9,-5,8,7,7,10,8,10,122,38,1,-9,1,8,7,7,10,0,13,121,42,4,-11,-3,8,7,7,10,8,3,122,27,7,-20,-19,8,7,8,10,0,-4,110,40,2,-28,-9,8,7,7,10,8,2,125,36,1,-2,-9,father
293,8,7,7,10,0,79,105,61,29,45,-30,8,7,7,10,8,28,101,84,-8,23,-19,8,7,7,10,8,24,87,115,-27,17,9,8,8,7,10,0,1,87,113,-9,-22,-10,8,7,8,10,0,21,79,134,-7,8,-6,8,7,7,10,9,5,75,133,-2,-3,8,8,7,7,10,9,-6,96,130,50,-2,-7,8,7,7,10,0,-19,63,98,-3,-20,-6,8,7,8,10,8,6,127,86,26,-17,-25,8,7,8,10,9,-11,104,69,12,-7,1,father
294,8,7,8,10,8,0,0,0,0,0,0,8,7,7,10,8,41,115,45,2,-10,5,8,7,8,10,8,49,113,48,1,-9,2,8,7,7,10,8,47,112,47,3,-8,0,8,7,7,10,9,48,114,48,0,-8,-1,8,7,8,10,8,47,114,47,1,-11,0,8,8,7,10,8,49,113,49,2,-11,-1,8,7,7,10,8,48,114,50,1,-9,-2,8,7,8,10,9,38,116,53,-11,2,-16,8,7,7,10,8,-2,122,44,5,-14,-10,father
295,8,8,8,10,8,0,0,0,0,0,0,8,8,7,10,8,84,80,77,-1,-17,3,8,0,8,10,9,91,72,80,8,-12,6,8,0,8,10,9,89,70,80,0,-13,-1,8,7,7,10,9,94,73,72,0,-13,-2,8,7,7,10,8,92,74,72,3,-9,0,8,7,7,10,0,73,92,44,32,1,-31,8,7,7,10,9,56,103,48,12,5,9,8,7,7,10,0,46,131,59,5,6,-33,8,7,7,10,0,3,121,52,17,-14,-24,father
296,8,8,7,10,0,0,0,0,0,0,0,8,8,7,10,9,35,129,48,-1,-17,-18,8,8,7,10,9,12,114,48,12,-2,2,8,8,7,10,0,34,119,52,16,-3,27,8,7,7,10,9,37,118,48,2,-25,6,8,7,7,10,8,40,110,60,-10,-28,9,8,7,7,10,0,45,117,46,11,12,3,8,8,7,10,9,39,112,57,16,-13,2,8,7,7,10,9,39,116,55,-1,-7,4,8,8,7,10,9,35,118,43,7,-12,-9,mother
297,8,8,7,10,0,0,0,0,0,0,0,8,8,7,10,9,35,129,48,-1,-17,-18,8,8,7,10,9,12,114,48,12,-2,2,8,8,7,10,0,34,119,52,16,-3,27,8,7,7,10,9,37,118,48,2,-25,6,8,7,7,10,8,40,110,60,-10,-28,9,8,7,7,10,0,45,117,46,11,12,3,8,8,7,10,9,39,112,57,16,-13,2,8,7,7,10,9,39,116,55,-1,-7,4,8,8,7,10,9,35,118,43,7,-12,-9,mother
298,8,7,7,10,9,21,122,43,3,-12,-1,8,0,8,10,9,24,124,46,4,-9,1,8,7,7,10,8,24,120,46,2,-9,-1,8,0,7,10,9,24,122,46,3,-8,-2,8,7,7,10,9,21,121,46,2,-10,-1,8,0,7,10,0,19,124,48,0,-3,-11,8,7,7,10,9,16,121,45,6,-29,14,8,7,7,10,0,14,117,40,-6,-13,31,8,7,7,10,0,37,118,45,3,-8,3,8,7,7,10,0,40,116,45,3,-7,3,mother
299,8,7,7,10,9,70,99,52,0,-10,12,8,7,7,10,9,72,94,54,0,-16,3,8,7,7,10,9,78,95,49,4,-2,5,8,7,7,10,0,85,94,56,9,-15,0,8,7,8,10,9,74,95,55,4,-15,0,8,7,7,10,9,77,95,55,-4,-12,-1,8,7,7,9,9,77,94,56,0,-11,-4,8,7,7,10,0,65,110,67,-3,3,-34,8,7,7,10,9,13,108,53,15,-5,-27,8,7,8,10,9,45,123,50,13,-14,8,mother
300,8,7,7,10,9,70,99,52,0,-10,12,8,7,7,10,9,72,94,54,0,-16,3,8,7,7,10,9,78,95,49,4,-2,5,8,7,7,10,0,85,94,56,9,-15,0,8,7,8,10,9,74,95,55,4,-15,0,8,7,7,10,9,77,95,55,-4,-12,-1,8,7,7,9,9,77,94,56,0,-11,-4,8,7,7,10,0,65,110,67,-3,3,-34,8,7,7,10,9,13,108,53,15,-5,-27,8,7,8,10,9,45,123,50,13,-14,8,mother
301,6,4,5,8,4,0,0,0,0,0,0,6,4,5,7,5,20,124,65,0,-25,1,6,4,5,8,4,28,119,77,1,-12,5,6,4,5,7,5,24,117,69,4,-10,-1,6,4,5,8,4,28,118,69,-5,-29,0,6,4,5,7,4,24,118,67,2,-13,-1,6,4,5,7,4,21,118,64,3,-8,1,6,4,5,7,4,20,118,65,7,-15,-2,6,4,5,8,4,27,118,63,1,-11,-5,6,4,5,8,4,28,119,65,2,-7,-1,yes
302,7,4,5,8,5,12,120,54,5,-12,-1,6,4,5,8,5,11,122,54,2,-12,-1,6,4,5,8,5,12,122,57,1,-12,0,6,4,5,8,5,12,122,57,2,-15,0,6,4,5,8,5,12,123,55,0,-10,-1,6,4,5,8,5,11,124,56,4,-7,-1,6,4,5,8,5,11,122,55,3,-8,-2,6,4,5,8,5,9,123,53,3,-9,-1,7,4,5,8,5,12,123,48,9,-5,1,6,4,5,8,5,9,122,47,5,-5,2,yes
303,7,4,5,8,5,12,122,55,0,-10,1,6,4,5,8,5,11,122,57,2,-11,-1,6,5,5,8,5,14,122,55,3,-9,-1,7,4,5,8,5,13,123,55,2,-10,-1,6,4,5,8,5,13,122,54,1,-10,-1,6,4,5,8,5,12,122,53,3,-10,0,6,4,5,8,5,12,123,54,2,-10,-1,6,4,5,8,5,12,123,54,1,-9,1,6,4,5,8,5,9,123,54,4,-10,-2,7,5,5,8,5,13,123,54,1,-10,0,yes
304,7,4,5,7,5,13,122,51,3,-6,1,7,5,5,8,5,17,119,59,-2,-21,6,7,5,5,8,5,32,118,59,-4,-15,-2,6,4,5,8,5,32,114,66,4,-10,-4,6,4,5,8,5,42,115,63,6,-5,2,7,4,5,8,5,25,119,51,-2,-5,-3,7,4,5,8,5,24,116,59,-1,-2,0,6,5,5,8,5,25,121,61,4,-13,-4,6,5,5,7,5,12,121,50,4,-5,-6,7,4,5,8,5,10,120,53,1,-8,-2,yes
305,7,5,5,8,5,22,116,75,0,-9,0,7,4,5,7,5,24,116,73,3,-10,-3,7,4,5,8,5,21,116,71,1,-6,0,7,5,5,8,5,20,116,68,2,-16,-5,6,5,5,8,5,20,117,68,2,-7,1,6,5,5,8,5,19,117,65,6,-8,-3,7,4,5,8,5,10,123,55,9,-8,0,7,4,5,8,5,10,124,47,4,-10,1,6,4,5,8,4,10,122,45,3,-11,-2,7,4,5,8,5,9,124,47,0,-10,-1,yes
306,8,7,7,8,4,0,0,0,0,0,0,8,7,7,8,5,53,124,44,23,31,-5,8,7,7,8,4,29,114,47,-4,17,-4,8,8,7,8,4,0,105,43,5,-11,-17,8,7,7,8,4,26,127,51,-8,-18,16,8,7,7,8,4,31,120,72,3,17,17,8,7,7,8,4,40,117,71,9,-2,-3,8,7,7,8,5,33,122,51,11,-1,-5,8,7,7,8,4,24,125,45,0,-13,0,8,7,7,8,4,19,116,37,10,-19,-13,no
307,8,7,7,8,4,32,117,48,3,-18,-2,8,7,7,8,4,34,118,46,3,-14,0,7,7,7,8,4,34,118,44,3,-10,0,8,7,7,8,4,38,119,45,4,-20,-2,8,7,7,8,4,36,122,42,4,-11,2,8,7,7,8,5,35,120,46,-5,-4,3,8,7,7,8,4,37,118,44,2,-14,-1,8,8,7,8,5,39,117,43,4,-12,-2,8,8,7,8,4,41,119,44,-8,-11,1,8,7,7,8,4,34,119,45,6,-10,-5,no
308,8,7,7,8,4,38,114,53,-1,-15,1,8,7,7,8,4,45,122,55,-6,-17,-8,8,7,7,7,5,39,115,52,7,-9,-4,8,7,7,8,4,40,114,47,7,-10,-3,8,7,7,8,4,41,117,50,5,-12,-2,8,7,7,8,4,38,118,48,3,-12,-1,8,7,7,8,4,40,117,48,2,-11,-1,8,8,7,8,4,38,118,46,8,-9,-5,8,7,7,8,4,36,117,45,2,-11,-2,8,7,7,8,5,38,119,45,3,-9,-2,no
309,8,7,7,8,4,19,126,52,7,-21,-32,8,7,7,8,4,2,121,50,-7,-25,29,8,7,7,8,5,33,117,50,-3,-22,6,8,8,7,8,5,38,118,50,2,-9,2,8,7,7,8,5,39,117,51,2,-11,-4,8,8,7,8,5,38,118,50,7,-4,-2,8,7,7,8,5,34,119,46,4,-4,-3,8,7,7,8,4,32,119,52,3,-13,-1,8,7,7,8,4,30,119,45,0,-10,1,8,7,7,8,5,29,121,40,11,-5,-4,no
310,9,7,7,8,4,43,113,47,6,-10,-2,8,7,7,8,4,45,115,46,1,-10,0,8,7,7,8,4,45,115,46,3,-11,-2,8,8,7,8,4,45,115,46,1,-11,-1,8,8,7,8,4,44,115,45,2,-12,-3,8,8,7,8,5,44,116,46,3,-8,0,8,7,7,8,4,42,115,45,1,-9,-3,8,7,7,8,4,42,118,46,1,-10,-1,8,7,7,8,4,41,116,43,2,-11,-1,8,7,7,8,5,40,117,45,1,-8,-2,no
311,8,0,7,10,0,0,0,0,0,0,0,8,0,7,10,8,118,13,96,-15,-11,12,8,0,7,10,8,114,9,87,-14,-34,-1,8,7,7,10,8,124,12,51,14,-28,-5,8,8,8,10,8,133,14,47,2,8,4,8,8,7,10,0,129,7,87,-10,22,10,8,8,7,10,0,102,11,111,28,-2,-1,8,8,7,10,0,105,36,102,36,5,-8,7,7,7,10,8,83,53,105,10,-16,-2,8,8,7,10,8,96,51,92,3,-43,4,please
312,9,7,7,10,8,120,8,83,0,-16,8,8,7,7,10,8,117,6,85,-14,-25,9,8,7,7,10,8,94,-8,103,4,-26,0,8,8,7,10,8,97,25,112,77,33,-19,8,7,7,10,8,77,35,125,11,-9,-2,8,4,7,10,7,86,22,127,14,-14,-7,8,7,7,10,0,91,45,129,3,-3,-3,8,0,7,10,0,74,36,128,15,-10,1,8,7,7,10,7,58,34,143,11,28,-10,8,0,7,9,7,73,41,154,1,-54,19,please
313,9,7,7,10,8,109,58,17,5,-11,-1,8,7,7,10,8,116,59,15,2,-7,-3,8,8,7,10,8,108,61,24,1,-8,-4,8,8,7,10,8,107,62,23,3,-10,-1,8,7,7,10,8,106,62,21,3,-9,-1,8,7,7,10,8,108,62,22,5,-10,-1,8,7,7,10,8,107,63,21,1,-10,0,8,8,7,10,8,106,63,22,2,-11,0,8,7,7,10,8,108,63,23,0,-11,0,8,8,7,10,8,108,62,22,3,-8,-1,please
314,8,7,7,10,8,112,53,20,0,-11,-2,8,7,7,10,8,112,54,20,1,-11,0,8,7,7,10,8,111,53,19,4,-10,0,8,7,7,10,8,110,53,19,1,-10,0,8,8,7,10,8,111,53,19,5,-8,-2,8,7,7,10,8,113,53,19,3,-10,0,8,7,7,10,8,112,54,20,1,-10,-1,8,7,7,10,8,113,62,9,13,-1,7,8,8,7,10,8,112,56,20,5,-14,-3,8,7,7,10,8,109,57,17,1,-12,0,please
315,8,7,7,10,0,115,46,20,0,-11,0,8,7,7,10,8,112,48,19,2,-9,0,8,7,7,10,8,112,48,20,2,-10,0,8,7,7,10,8,109,54,16,4,-13,-6,8,7,7,10,8,115,53,17,1,-8,-2,8,7,7,10,8,110,53,17,4,-9,-3,8,8,8,10,9,111,56,16,1,-8,2,8,8,7,10,8,109,54,15,3,-10,-1,8,7,7,10,8,112,56,17,1,-14,-1,8,7,7,10,9,109,55,16,1,-14,3,please
316,7,0,7,10,8,73,69,102,14,-19,-10,7,7,7,10,8,81,75,103,11,-18,-14,7,7,7,9,9,65,99,15,-28,-110,-19,7,7,7,10,8,63,106,23,31,-46,4,7,0,8,10,9,65,109,34,-9,-27,-14,7,0,7,9,9,63,108,28,2,-10,-2,8,7,7,10,9,59,109,30,1,-8,-1,8,0,7,10,9,62,108,32,2,-10,-1,8,7,7,10,9,58,109,32,4,-11,0,8,7,7,10,9,58,107,33,1,-9,2,thanks
317,7,7,7,10,8,56,110,46,4,-10,-1,7,7,7,10,8,62,110,44,4,-15,-1,7,7,7,10,8,56,106,49,-4,-20,1,7,7,7,10,9,63,109,43,2,-9,3,7,7,7,10,8,58,106,48,11,-6,0,7,7,7,10,8,61,107,44,-3,-5,1,7,7,7,10,8,66,104,44,0,-43,9,7,7,7,10,8,68,107,40,5,-4,0,8,7,7,10,8,62,106,38,4,-9,-3,7,7,7,10,8,57,109,40,12,-5,4,thanks
318,8,7,7,10,8,76,97,50,0,-7,5,7,7,7,10,9,78,96,53,3,-6,-3,8,7,7,10,9,71,97,60,5,-8,-7,8,7,7,10,9,61,105,30,7,-39,-7,7,7,8,10,9,65,108,30,-9,-19,-1,8,7,8,10,9,61,106,31,1,-10,-2,7,7,8,10,9,64,106,29,2,-10,-2,7,7,7,10,9,62,106,28,2,-9,-2,7,7,7,10,9,60,108,30,1,-9,0,7,7,7,10,8,60,107,26,-3,-11,-1,thanks
319,8,7,7,10,8,84,76,-23,2,-8,-2,8,0,7,10,8,82,76,-21,1,-8,-1,7,7,7,10,8,87,80,-15,-11,-10,-5,7,0,7,10,9,86,84,-10,-33,29,-25,7,7,7,10,9,89,75,89,-17,51,37,7,0,7,10,9,59,42,115,7,-27,4,8,7,7,10,9,70,47,112,-15,-15,7,7,7,7,10,9,63,35,135,-3,-13,10,7,7,7,10,9,68,32,129,12,-7,3,7,7,7,10,0,75,20,153,-14,10,-9,thanks
320,8,0,7,10,8,98,81,-6,-12,50,-23,7,7,7,10,9,57,111,45,-37,-36,-14,7,0,8,10,9,72,97,66,-1,-6,7,7,7,8,10,9,69,105,47,14,-39,-7,7,7,8,10,9,66,105,41,6,-9,-1,7,7,8,10,9,64,104,41,3,-11,-1,7,7,7,10,9,63,107,40,0,-12,-2,7,8,7,10,9,63,106,41,3,-10,-2,7,7,7,10,8,64,105,39,3,-10,0,8,7,8,10,9,64,108,40,2,-12,-1,thanks
